{
  "intrinsics": {
    "fx": 1091.9999999999998,
    "fy": 1091.9999999999998,
    "cx": 1512.0,
    "cy": 2016.0
  },
  "pointCloud": "../room_agi_point_cloud.ply",
  "cameras": [
    {
      "index": 0,
      "name": "11.jpeg",
      "position": [
        0.0,
        0.0,
        0.0
      ],
      "forward": [
        0.0,
        0.0,
        1.0
      ],
      "up": [
        0.0,
        -1.0,
        0.0
      ],
      "image": "../data/11.jpeg"
    },
    {
      "index": 1,
      "name": "12.jpeg",
      "position": [
        1.0099732122262461,
        -0.10204557028276219,
        0.015260499593870722
      ],
      "forward": [
        0.0468948544401062,
        -0.032095386007664255,
        0.9983840738032935
      ],
      "up": [
        -0.023657252836096546,
        -0.9992390157743927,
        -0.031011671068679657
      ],
      "image": "../data/12.jpeg"
    },
    {
      "index": 2,
      "name": "13.jpeg",
      "position": [
        1.836034151051378,
        0.1471476258751593,
        -0.10670977006091997
      ],
      "forward": [
        0.02219367918002158,
        -0.13831161768957717,
        0.9901400592928995
      ],
      "up": [
        0.013764167574324079,
        -0.9902478629481986,
        -0.13863519617150494
      ],
      "image": "../data/13.jpeg"
    },
    {
      "index": 3,
      "name": "14.jpeg",
      "position": [
        2.5334158190100533,
        0.10052200780139883,
        -0.23022831052348716
      ],
      "forward": [
        0.028203455228667518,
        -0.12574499336998476,
        0.9916616165585653
      ],
      "up": [
        -0.004860030090662728,
        -0.9920617771426666,
        -0.12565751246961646
      ],
      "image": "../data/14.jpeg"
    },
    {
      "index": 4,
      "name": "15.jpeg",
      "position": [
        3.298980928273005,
        0.39042930024445094,
        -0.14035090823902954
      ],
      "forward": [
        0.07342931301263884,
        -0.21225463714446957,
        0.9744516945447638
      ],
      "up": [
        -0.04841346644611478,
        -0.9766961015436258,
        -0.2090953406849474
      ],
      "image": "../data/15.jpeg"
    },
    {
      "index": 5,
      "name": "16.jpeg",
      "position": [
        3.97278469931764,
        0.1429595202551616,
        -0.044420231931097814
      ],
      "forward": [
        0.13025664723588368,
        -0.15167664881452927,
        0.9798098795456497
      ],
      "up": [
        -0.0210664326454442,
        -0.9884295817918846,
        -0.15021040993990767
      ],
      "image": "../data/16.jpeg"
    },
    {
      "index": 6,
      "name": "17.jpeg",
      "position": [
        4.639695688080393,
        0.28284931255221846,
        -0.0846208220675696
      ],
      "forward": [
        0.02465471995066564,
        -0.21666372190979913,
        0.9759349242610121
      ],
      "up": [
        -0.01265378471621313,
        -0.9762211010779784,
        -0.21640758661020906
      ],
      "image": "../data/17.jpeg"
    }
  ],
  "viewGraph": [
    [
      0,
      1
    ],
    [
      1,
      2
    ],
    [
      2,
      3
    ],
    [
      3,
      4
    ],
    [
      4,
      5
    ],
    [
      5,
      6
    ]
  ]
}
